,CAGR,Ann. Vol,Sharpe,Sortino,Max DD,Calmar,Hit Rate
Long-Only Momentum (gross),0.2091518347081711,0.18471547055715665,1.1287440735682652,1.5741214079252273,-0.5453870898045605,0.3834924563086388,0.6619217081850534
"Long-Only Momentum (net, 20bps)",0.20534685770818517,0.18472697269669605,1.111380117760461,1.5478111968099038,-0.5475679030027043,0.37501624288443913,0.6619217081850534
Long-Short Momentum (gross),-0.01068802155395887,0.17146856024966486,0.03373190532072264,0.03329249976071395,-0.7492324173507782,-0.014265295129314882,0.5622775800711743
EW S&P Benchmark,0.17350470150199349,0.1615211189836488,1.0780741372678195,1.4518389592853103,-0.47260444830607373,0.367124562885253,0.6857142857142857
